date,open,high,close,low,volume,price_change,p_change,ma5,ma10,ma20,v_ma5,v_ma10,v_ma20
2019-05-28,4.67,4.74,4.66,4.64,41889.2,0.0,0.0,4.602,4.663,4.743,38061.67,42036.68,51547.76
2019-05-27,4.57,4.68,4.66,4.53,42594.04,0.1,2.19,4.604,4.666,4.768,37267.91,41158.66,54910.03
2019-05-24,4.53,4.58,4.56,4.5,26979.61,0.03,0.66,4.596,4.677,4.807,37649.12,43063.9,58112.07
2019-05-23,4.61,4.62,4.53,4.53,38689.38,-0.07,-1.52,4.618,4.704,4.857,43011.6,47292.86,60758.34
2019-05-22,4.68,4.7,4.6,4.58,40156.11,-0.07,-1.5,4.68,4.722,4.916,44288.27,46301.63,67131.29
2019-05-21,4.61,4.71,4.67,4.58,37920.4,0.05,1.08,4.724,4.733,4.969,46011.69,47051.36,70896.55
2019-05-20,4.66,4.69,4.62,4.53,44500.08,-0.05,-1.07,4.728,4.739,5.013,45049.4,49554.73,73057.56
2019-05-17,4.85,4.85,4.67,4.65,53792.02,-0.17,-3.51,4.758,4.743,5.064,48478.67,54947.43,75387.96
2019-05-16,4.84,4.86,4.84,4.78,45072.74,0.02,0.41,4.79,4.784,5.114,51574.11,55688.42,77366.51
2019-05-15,4.75,4.83,4.82,4.72,48773.19,0.13,2.77,4.764,4.797,5.151,48314.99,58125.23,80202.63
2019-05-14,4.67,4.76,4.69,4.67,33108.99,-0.08,-1.68,4.742,4.822,5.188,48091.03,61058.85,82196.62
2019-05-13,4.79,4.81,4.77,4.72,61646.43,-0.06,-1.24,4.75,4.87,5.233,54060.06,68661.4,85666.99
2019-05-10,4.72,4.84,4.83,4.63,69269.22,0.12,2.55,4.728,4.936,5.28,61416.18,73160.25,88617.26
2019-05-09,4.71,4.73,4.71,4.68,28777.13,0.0,0.0,4.778,5.009,5.328,59802.73,74223.83,92007.6
2019-05-08,4.67,4.79,4.71,4.61,47653.4,-0.02,-0.42,4.83,5.109,5.383,67935.47,87960.96,100932.94
2019-05-07,4.71,4.8,4.73,4.68,62954.12,0.07,1.5,4.902,5.205,5.431,74026.67,94741.74,109163.61
2019-05-06,5.02,5.02,4.66,4.61,98427.01,-0.42,-8.27,4.99,5.286,5.483,83262.75,96560.38,122845.74
2019-04-30,5.01,5.08,5.08,4.97,61201.99,0.11,2.21,5.144,5.385,5.527,84904.33,95828.5,127021.62
2019-04-29,5.08,5.13,4.97,4.91,69440.82,-0.1,-1.97,5.24,5.443,5.541,88644.93,99044.6,131546.49
2019-04-26,5.19,5.19,5.07,5.05,78109.4,-0.1,-1.93,5.388,5.504,5.555,107986.45,102280.02,133452.84
2019-04-25,5.43,5.43,5.17,5.15,109134.52,-0.26,-4.79,5.508,5.553,5.557,115456.8,103334.4,134295.14
2019-04-24,5.58,5.6,5.43,5.33,106634.9,-0.13,-2.34,5.582,5.596,5.556,109858.02,102672.58,133058.57
2019-04-23,5.67,5.72,5.56,5.55,79905.0,-0.15,-2.63,5.626,5.624,5.543,106752.68,104074.26,135178.51
2019-04-22,5.67,5.81,5.71,5.63,166148.41,0.04,0.7,5.646,5.646,5.535,109444.26,109791.36,140275.77
2019-04-19,5.53,5.68,5.67,5.47,115461.19,0.13,2.35,5.62,5.656,5.52,96573.6,113904.93,141096.87
2019-04-18,5.67,5.67,5.54,5.52,81140.59,-0.11,-1.95,5.598,5.656,5.499,91211.99,123585.49,142634.13
2019-04-17,5.66,5.7,5.65,5.63,91108.2,-0.01,-0.18,5.61,5.68,5.48,95487.13,149131.11,145382.05
2019-04-16,5.54,5.67,5.66,5.46,93362.93,0.08,1.43,5.622,5.668,5.453,101395.85,158214.74,148477.07
2019-04-15,5.62,5.74,5.58,5.57,101795.07,0.02,0.36,5.646,5.639,5.428,110138.46,164048.38,152945.09
2019-04-12,5.6,5.67,5.56,5.49,88653.16,-0.04,-0.71,5.692,5.605,5.401,131236.25,164625.66,153357.83
2019-04-11,5.7,5.77,5.6,5.59,102516.3,-0.11,-1.93,5.714,5.561,5.37,155958.98,165255.89,155170.63
2019-04-10,5.75,5.78,5.71,5.67,120651.79,-0.07,-1.21,5.75,5.516,5.344,202775.08,163444.57,158660.71
2019-04-09,5.78,5.84,5.78,5.69,137075.97,-0.03,-0.52,5.714,5.461,5.314,215033.63,166282.76,162941.86
2019-04-08,5.69,5.86,5.81,5.64,207284.05,0.14,2.47,5.632,5.423,5.275,217958.3,170760.17,163773.31
2019-04-04,5.8,5.83,5.67,5.6,212266.8,-0.11,-1.9,5.518,5.383,5.222,198015.07,168288.81,161312.0
2019-04-03,5.5,6.05,5.78,5.43,336596.78,0.25,4.52,5.408,5.341,5.191,174552.79,161682.78,158531.71
2019-04-02,5.39,5.55,5.53,5.35,181944.55,0.16,2.98,5.282,5.279,5.15,124114.06,141632.99,150463.71
2019-04-01,5.24,5.45,5.37,5.24,151699.34,0.13,2.48,5.208,5.237,5.116,117531.89,138739.39,147786.4
2019-03-29,5.13,5.24,5.24,5.1,107567.9,0.12,2.34,5.214,5.217,5.086,123562.04,141841.79,148221.61
2019-03-28,5.13,5.27,5.12,5.1,94955.4,-0.03,-0.58,5.248,5.197,5.06,138562.55,142090.0,147714.1
2019-03-27,5.18,5.24,5.15,5.05,84403.11,-0.01,-0.19,5.274,5.178,5.038,148812.76,145085.38,147828.84
2019-03-26,5.41,5.47,5.16,5.14,149033.7,-0.24,-4.44,5.276,5.172,5.016,159151.92,153876.84,149038.07
2019-03-25,5.35,5.57,5.4,5.28,181850.09,-0.01,-0.18,5.266,5.166,4.992,159946.9,159600.96,149455.29
2019-03-22,5.26,5.43,5.41,5.21,182570.45,0.16,3.05,5.22,5.126,4.957,160121.55,156786.45,149849.41
2019-03-21,5.2,5.31,5.25,5.17,146206.45,0.09,1.74,5.146,5.061,4.911,145617.44,154335.19,144813.53
2019-03-20,5.12,5.22,5.16,5.08,136098.91,0.05,0.98,5.082,5.04,4.868,141358.0,155380.63,142307.05
2019-03-19,5.18,5.21,5.11,5.07,153008.59,-0.06,-1.16,5.068,5.021,4.83,148601.76,159294.43,138875.32
2019-03-18,5.33,5.33,5.17,5.11,182723.34,0.13,2.58,5.066,4.994,4.795,159255.02,156833.4,135514.69
2019-03-15,4.97,5.1,5.04,4.97,110049.93,0.11,2.23,5.032,4.954,4.759,153451.35,154601.43,130130.24
2019-03-14,5.05,5.14,4.93,4.82,124909.22,-0.16,-3.14,4.976,4.922,4.722,163052.94,153338.21,127417.47
2019-03-13,5.12,5.3,5.09,5.04,172317.73,-0.01,-0.2,4.998,4.898,4.691,169403.27,150572.31,125896.04
2019-03-12,5.03,5.23,5.1,5.01,206274.89,0.1,2.0,4.974,4.859,4.651,169987.1,144199.29,121510.96
2019-03-11,4.76,5.01,5.0,4.76,153704.98,0.24,5.04,4.922,4.817,4.607,154411.77,139309.62,114943.2
2019-03-08,4.98,5.04,4.76,4.76,158057.86,-0.28,-5.56,4.876,4.787,4.568,155751.5,142912.37,109680.96
2019-03-07,4.95,5.1,5.04,4.91,156660.88,0.07,1.41,4.868,4.76,4.537,143623.48,135291.88,103845.01
2019-03-06,4.9,5.07,4.97,4.84,175236.88,0.13,2.69,4.798,4.696,4.486,131741.35,129233.47,98177.07
2019-03-05,4.78,4.86,4.84,4.73,128398.27,0.07,1.47,4.744,4.639,4.439,118411.48,118456.22,91327.1
2019-03-04,4.79,4.83,4.77,4.73,160403.62,0.05,1.06,4.712,4.596,4.396,124207.47,114195.98,88119.14
2019-03-01,4.71,4.76,4.72,4.65,97417.73,0.03,0.64,4.698,4.563,4.364,130073.24,105659.05,81521.43
2019-02-28,4.7,4.82,4.69,4.67,97250.25,-0.01,-0.21,4.652,4.521,4.334,126960.27,101496.74,77936.3
2019-02-27,4.65,4.83,4.7,4.62,108587.54,0.02,0.43,4.594,4.484,4.308,126725.59,101219.78,74431.26
2019-02-26,4.73,4.77,4.68,4.62,157378.19,-0.02,-0.43,4.534,4.442,4.281,118500.95,98822.64,70627.2
2019-02-25,4.53,4.72,4.7,4.51,189732.47,0.21,4.68,4.48,4.397,4.256,104184.49,90576.78,64507.93
2019-02-22,4.38,4.49,4.49,4.37,81852.92,0.09,2.04,4.428,4.348,4.232,81244.86,76449.55,56933.97
2019-02-21,4.42,4.5,4.4,4.38,96076.84,0.0,0.0,4.39,4.313,4.218,76033.21,72398.14,54546.76
2019-02-20,4.4,4.45,4.4,4.35,67464.32,-0.01,-0.23,4.374,4.275,4.206,75713.96,67120.68,52159.51
2019-02-19,4.45,4.47,4.41,4.36,85795.89,-0.03,-0.68,4.35,4.238,4.199,79144.33,64197.99,50865.4
2019-02-18,4.33,4.45,4.44,4.32,75034.32,0.14,3.26,4.314,4.195,4.191,76969.07,62042.31,48787.43
2019-02-15,4.32,4.36,4.3,4.29,55794.67,-0.02,-0.46,4.268,4.164,4.177,71654.25,57383.81,47436.33
2019-02-14,4.28,4.35,4.32,4.26,94480.6,0.04,0.94,4.236,4.147,4.176,68763.07,54375.85,47252.52
2019-02-13,4.24,4.31,4.28,4.21,84616.16,0.05,1.18,4.176,4.132,4.17,58527.4,47642.75,44282.09
2019-02-12,4.23,4.25,4.23,4.16,74919.58,0.02,0.47,4.126,4.12,4.166,49251.66,42431.76,42747.36
2019-02-11,4.14,4.22,4.21,4.14,48460.24,0.07,1.69,4.076,4.114,4.164,47115.55,38439.09,40774.66
2019-02-01,4.04,4.14,4.14,4.0,41338.79,0.12,2.98,4.06,4.116,4.165,43113.36,37418.39,40492.53
2019-01-31,4.05,4.12,4.02,3.95,43302.21,-0.01,-0.25,4.058,4.123,4.166,39988.62,36695.37,40467.49
2019-01-30,4.05,4.11,4.03,4.02,38237.48,0.05,1.26,4.088,4.136,4.169,36758.09,37198.35,39939.08
2019-01-29,4.13,4.13,3.98,3.82,64239.01,-0.15,-3.63,4.114,4.16,4.174,35611.87,37532.81,40037.39
2019-01-28,4.14,4.18,4.13,4.11,28449.31,0.0,0.0,4.152,4.186,4.179,29762.63,35532.56,39204.37
2019-01-25,4.17,4.18,4.13,4.12,25715.11,-0.04,-0.96,4.172,4.19,4.174,31723.41,37488.85,40158.07
2019-01-24,4.14,4.19,4.17,4.12,27149.56,0.01,0.24,4.188,4.204,4.176,33402.12,40129.19,40943.33
2019-01-23,4.17,4.18,4.16,4.12,32506.35,-0.01,-0.24,4.184,4.207,4.178,37638.6,40921.43,43045.08
2019-01-22,4.25,4.25,4.17,4.13,34992.8,-0.06,-1.42,4.206,4.212,4.186,39453.74,43062.95,43145.21
2019-01-21,4.21,4.28,4.23,4.17,38253.24,0.02,0.47,4.22,4.214,4.193,41302.49,43110.23,44611.52
2019-01-18,4.17,4.23,4.21,4.15,34108.67,0.06,1.45,4.208,4.213,4.204,43254.29,43566.68,44278.78
2019-01-17,4.27,4.27,4.15,4.15,48331.92,-0.12,-2.81,4.22,4.208,4.217,46856.26,44239.6,44608.16
2019-01-16,4.3,4.32,4.27,4.23,41582.08,0.03,0.71,4.23,4.201,4.234,44204.26,42679.82,44484.71
2019-01-15,4.15,4.26,4.24,4.15,44236.52,0.07,1.68,4.218,4.188,4.247,46672.16,42541.97,44707.99
2019-01-14,4.28,4.32,4.17,4.14,48012.26,-0.1,-2.34,4.208,4.172,4.257,44917.96,42876.18,46336.83
2019-01-11,4.2,4.37,4.27,4.19,52118.5,0.07,1.67,4.218,4.157,4.28,43879.07,42827.28,47626.93
2019-01-10,4.21,4.24,4.2,4.18,35071.95,-0.01,-0.24,4.196,4.148,4.295,41622.95,41757.47,48033.53
2019-01-09,4.2,4.28,4.21,4.2,53921.59,0.02,0.48,4.172,4.148,4.312,41155.37,45168.74,49338.14
2019-01-08,4.22,4.23,4.19,4.19,35465.52,-0.03,-0.71,4.158,4.16,4.322,38411.77,43227.47,49765.84
2019-01-07,4.25,4.26,4.22,4.18,42817.78,0.06,1.44,4.136,4.171,4.331,40834.4,46112.82,51076.9
2019-01-04,4.02,4.18,4.16,4.02,40837.92,0.08,1.96,4.096,4.195,4.341,41775.5,44990.87,52401.78
2019-01-03,4.14,4.18,4.08,4.08,32734.04,-0.06,-1.45,4.1,4.226,4.36,41891.99,44976.72,54127.14
2019-01-02,4.14,4.18,4.14,4.09,40203.6,0.06,1.47,4.124,4.267,4.388,49182.1,46289.6,56310.82
2018-12-28,4.02,4.14,4.08,4.02,47578.68,0.06,1.49,4.162,4.305,4.412,48043.17,46874.01,59991.29
2018-12-27,4.22,4.25,4.02,4.02,47523.24,-0.16,-3.83,4.206,4.341,4.434,51391.24,49797.48,61607.25
2018-12-26,4.19,4.22,4.18,4.13,41420.4,-0.02,-0.48,4.294,4.403,4.455,48206.25,52426.57,63850.49
2018-12-25,4.3,4.33,4.2,4.05,69184.6,-0.13,-3.0,4.352,4.441,4.474,48061.45,54309.58,66312.21
2018-12-24,4.3,4.34,4.33,4.27,34508.92,0.03,0.7,4.41,4.476,4.491,43397.1,53507.54,67499.72
2018-12-21,4.48,4.48,4.3,4.25,64319.02,-0.16,-3.59,4.448,4.484,4.504,45704.86,56304.21,70866.48
2018-12-20,4.47,4.51,4.46,4.43,31598.29,-0.01,-0.22,4.476,4.491,4.521,48203.72,56040.99,75442.46
2018-12-19,4.48,4.53,4.47,4.42,40696.44,-0.02,-0.45,4.512,4.486,4.541,56646.89,59812.7,85134.77
2018-12-18,4.47,4.53,4.49,4.4,45862.81,-0.03,-0.66,4.53,4.493,4.572,60557.71,63277.55,96702.19
2018-12-17,4.46,4.52,4.52,4.38,46047.72,0.08,1.8,4.542,4.508,4.587,63617.97,66332.05,106722.2
2018-12-14,4.63,4.67,4.44,4.43,76813.32,-0.2,-4.31,4.52,4.518,4.601,66903.57,73108.57,119922.26
2018-12-13,4.56,4.65,4.64,4.51,73814.17,0.08,1.75,4.506,4.527,4.616,63878.25,73417.02,131642.03
2018-12-12,4.51,4.58,4.56,4.51,60250.53,0.01,0.22,4.46,4.506,4.611,62978.5,75274.42,135911.78
2018-12-11,4.4,4.55,4.55,4.37,61164.13,0.14,3.17,4.456,4.507,4.608,65997.39,78314.84,141813.26
2018-12-10,4.38,4.51,4.41,4.37,62475.68,0.04,0.92,4.474,4.505,4.61,69046.12,81491.91,147875.87
2018-12-07,4.36,4.43,4.37,4.35,61686.76,-0.04,-0.91,4.516,4.523,4.617,79313.57,85428.75,151228.57
2018-12-06,4.54,4.55,4.41,4.4,69315.4,-0.13,-2.86,4.548,4.551,4.62,82955.78,94843.94,153602.55
2018-12-05,4.55,4.59,4.54,4.47,75344.97,-0.1,-2.15,4.552,4.596,4.625,87570.34,110456.85,158767.86
2018-12-04,4.62,4.64,4.64,4.57,76407.77,0.02,0.43,4.558,4.65,4.631,90632.29,130126.82,167221.38
2018-12-03,4.59,4.71,4.62,4.59,113812.94,0.09,1.99,4.536,4.665,4.632,93937.7,147112.35,172208.53
2018-11-30,4.48,4.54,4.53,4.33,79897.8,0.1,2.26,4.53,4.683,4.638,91543.93,166735.96,181238.92
2018-11-29,4.58,4.61,4.43,4.42,92388.2,-0.14,-3.06,4.554,4.705,4.643,106732.11,189867.04,192352.6
2018-11-28,4.52,4.59,4.57,4.41,90654.74,0.04,0.88,4.64,4.716,4.639,133343.36,196549.15,197270.95
2018-11-27,4.64,4.64,4.53,4.46,92934.82,-0.06,-1.31,4.742,4.709,4.632,169621.36,205311.68,204155.33
2018-11-26,4.64,4.69,4.59,4.54,101844.08,-0.06,-1.29,4.794,4.714,4.623,200287.0,214259.83,206536.19
2018-11-23,4.85,4.85,4.65,4.62,155838.69,-0.21,-4.32,4.836,4.71,4.607,241927.98,217028.39,207248.96
2018-11-22,5.01,5.03,4.86,4.84,225444.45,-0.22,-4.33,4.856,4.689,4.592,273001.98,212361.17,207755.69
2018-11-21,4.69,5.2,5.08,4.61,272044.75,0.29,6.05,4.792,4.654,4.565,259754.94,207078.87,206746.89
2018-11-20,4.75,4.94,4.79,4.69,246263.05,-0.01,-0.21,4.676,4.611,4.533,241002.0,204315.93,209043.05
2018-11-19,4.78,4.96,4.8,4.7,310048.97,0.05,1.05,4.634,4.599,4.508,228232.66,197304.7,211831.69
2018-11-16,4.53,4.75,4.75,4.5,311208.66,0.21,4.63,4.584,4.593,4.486,192128.79,195741.89,209024.79
2018-11-15,4.49,4.55,4.54,4.47,159209.27,0.04,0.89,4.522,4.58,4.456,151720.35,194838.17,202368.38
2018-11-14,4.56,4.63,4.5,4.48,178280.06,-0.08,-1.75,4.516,4.562,4.433,154402.79,197992.76,205670.81
2018-11-13,4.46,4.63,4.58,4.44,182416.33,0.03,0.66,4.546,4.554,4.43,167629.86,202998.98,207100.51
2018-11-12,4.48,4.55,4.55,4.42,129529.63,0.11,2.48,4.564,4.531,4.429,166376.75,198812.56,210464.3
2018-11-09,4.5,4.52,4.44,4.43,109166.48,-0.07,-1.55,4.602,4.504,4.423,199354.99,197469.54,217763.43
2018-11-08,4.62,4.68,4.51,4.51,172621.47,-0.14,-3.01,4.638,4.494,4.433,237955.98,203150.22,230298.89
2018-11-07,4.72,4.88,4.65,4.61,244415.39,-0.02,-0.43,4.608,4.476,4.429,241582.72,206414.91,238016.17
2018-11-06,4.67,4.71,4.67,4.57,176150.77,-0.07,-1.48,4.562,4.454,4.441,238368.1,213770.17,247770.47
2018-11-05,4.62,4.82,4.74,4.53,294420.84,0.12,2.6,4.498,4.417,4.446,231248.36,226358.67,265739.52
2018-11-02,4.41,4.63,4.62,4.35,302171.44,0.26,5.96,4.406,4.379,4.466,195584.08,222307.7,276345.26
2018-11-01,4.4,4.48,4.36,4.36,190755.16,-0.06,-1.36,4.35,4.332,4.52,168344.46,209898.58,308338.9
2018-10-31,4.34,4.5,4.42,4.29,228342.28,0.07,1.61,4.344,4.304,4.572,171247.1,213348.86,307319.16
2018-10-30,4.28,4.39,4.35,4.26,140552.09,0.07,1.64,4.346,4.306,4.597,189172.23,211202.04,299159.35
2018-10-29,4.33,4.36,4.28,4.23,116099.44,-0.06,-1.38,4.336,4.326,4.603,221468.97,222116.04,293223.46
2018-10-26,4.37,4.43,4.34,4.28,165973.31,0.01,0.23,4.352,4.342,4.592,249031.31,238057.31,290677.89
2018-10-25,4.22,4.36,4.33,4.18,205268.39,-0.1,-2.26,4.314,4.371,4.57,251452.71,257447.56,283232.75
2018-10-24,4.3,4.53,4.43,4.18,317967.94,0.13,3.02,4.264,4.381,4.55,255450.62,269617.43,274540.98
2018-10-23,4.38,4.58,4.3,4.3,302035.78,-0.06,-1.38,4.266,4.428,4.523,233231.85,281770.77,259741.99
2018-10-22,4.16,4.46,4.36,4.15,253911.14,0.21,5.06,4.316,4.475,4.499,222763.11,305120.37,245145.69
2018-10-19,4.08,4.19,4.15,3.82,178080.3,0.07,1.72,4.332,4.552,4.473,227083.32,330382.82,233203.57
2018-10-18,4.42,4.43,4.08,4.01,225257.95,-0.36,-8.11,4.428,4.707,4.458,263442.42,406779.22,225047.61
2018-10-17,4.55,4.6,4.44,4.32,206874.08,-0.11,-2.42,4.498,4.84,4.445,283784.25,401289.47,214380.68
2018-10-16,4.38,4.63,4.55,4.3,249692.09,0.11,2.48,4.59,4.888,4.413,330309.69,387116.66,204526.92
2018-10-15,4.67,4.67,4.44,4.3,275512.16,-0.19,-4.1,4.634,4.88,4.376,387477.62,364330.88,192878.33
2018-10-12,4.45,4.74,4.63,4.45,359875.81,0.2,4.51,4.772,4.842,4.349,433682.32,343298.47,179992.76
2018-10-11,4.61,4.75,4.43,4.41,326967.09,-0.47,-9.59,4.986,4.769,4.31,550116.02,309017.94,162763.21
2018-10-10,4.73,4.93,4.9,4.57,439501.28,0.13,2.73,5.182,4.719,4.282,518794.68,279464.53,147152.43
2018-10-09,4.84,4.92,4.77,4.67,535531.75,-0.36,-7.02,5.186,4.617,4.232,443923.63,237713.21,126090.71
2018-10-08,5.2,5.4,5.13,5.13,506535.69,-0.57,-10.0,5.126,4.522,4.186,341184.14,185171.01,100075.93
2018-09-28,5.3,5.87,5.7,5.22,942044.31,0.29,5.36,4.912,4.393,4.124,252914.61,136024.32,75602.97
2018-09-27,5.41,5.41,5.41,5.41,170360.39,0.49,9.96,4.552,4.209,4.035,67919.86,43316.0,29287.21
2018-09-26,4.92,4.92,4.92,4.92,65146.02,0.45,10.07,4.256,4.049,3.962,40134.38,27471.89,22020.41
2018-09-25,4.47,4.47,4.47,4.47,21834.29,0.41,10.1,4.048,3.938,3.917,31502.79,21937.18,20056.64
2018-09-21,3.9,4.08,4.06,3.9,65188.06,0.16,4.1,3.918,3.872,3.894,29157.88,21425.77,20511.57
2018-09-20,3.95,3.95,3.9,3.89,17070.54,-0.03,-0.76,3.874,3.855,3.888,19134.02,16687.06,19240.19
2018-09-19,3.87,3.95,3.93,3.85,31433.0,0.05,1.29,3.866,3.851,3.886,18712.15,16508.49,19409.89
2018-09-18,3.83,3.89,3.88,3.79,21988.06,0.06,1.57,3.842,3.844,3.881,14809.4,14840.33,18742.83
2018-09-17,3.84,3.86,3.82,3.81,10109.72,-0.02,-0.52,3.828,3.846,3.88,12371.57,14468.2,18638.36
2018-09-14,3.86,3.9,3.84,3.83,15068.8,-0.02,-0.52,3.826,3.85,3.881,13693.67,14980.85,19477.56
2018-09-13,3.84,3.86,3.86,3.83,14961.16,0.05,1.31,3.836,3.855,3.88,14240.09,15181.62,20999.18
2018-09-12,3.82,3.85,3.81,3.81,11919.25,0.0,0.0,3.836,3.861,3.886,14304.82,15258.42,22858.04
2018-09-11,3.82,3.84,3.81,3.79,9798.92,0.0,0.0,3.846,3.875,3.902,14871.27,16568.93,28970.1
2018-09-10,3.89,3.89,3.81,3.81,16720.22,-0.08,-2.06,3.864,3.895,3.917,16564.83,18176.1,30445.6
2018-09-07,3.86,3.93,3.89,3.85,17800.92,0.03,0.78,3.874,3.915,3.93,16268.03,19597.37,31246.05
2018-09-06,3.84,3.88,3.86,3.84,15284.8,0.0,0.0,3.874,3.92,3.937,16123.14,21793.32,31276.39
2018-09-05,3.9,3.92,3.86,3.86,14751.48,-0.04,-1.03,3.886,3.92,3.945,16212.02,22311.3,31838.77
2018-09-04,3.85,3.91,3.9,3.84,18266.75,0.04,1.04,3.904,3.918,3.951,18266.58,22645.32,32607.26
2018-09-03,3.88,3.89,3.86,3.82,15236.2,-0.03,-0.77,3.926,3.914,3.954,19787.37,22808.51,32811.18
2018-08-31,3.92,3.95,3.89,3.89,17076.48,-0.03,-0.77,3.956,3.911,3.956,22926.71,23974.27,33097.15
2018-08-30,3.95,3.97,3.92,3.91,15729.19,-0.03,-0.76,3.966,3.905,3.959,27463.5,26816.74,33326.14
2018-08-29,4.0,4.0,3.95,3.94,25024.3,-0.06,-1.5,3.954,3.911,3.96,28410.58,30457.67,34769.11
2018-08-28,4.03,4.05,4.01,3.97,25870.68,0.0,0.0,3.932,3.928,3.965,27024.05,41371.28,35179.72
2018-08-27,3.91,4.02,4.01,3.9,30932.91,0.07,1.78,3.902,3.939,3.968,25829.65,42715.09,35035.72
2018-08-24,3.86,4.1,3.94,3.84,39760.4,0.08,2.07,3.866,3.945,3.969,25021.82,42894.72,34656.02
2018-08-23,3.85,3.88,3.86,3.82,20464.6,0.02,0.52,3.844,3.953,3.977,26169.98,40759.46,34185.22
2018-08-22,3.86,3.87,3.84,3.81,18091.68,-0.02,-0.52,3.868,3.97,3.99,32504.75,41366.24,35555.43
2018-08-21,3.82,3.88,3.86,3.81,19898.68,0.03,0.78,3.924,3.983,4.001,55718.5,42569.2,36447.53
2018-08-20,3.87,3.87,3.83,3.78,26893.76,-0.01,-0.26,3.976,3.994,4.01,59600.53,42813.84,37690.54
2018-08-17,4.0,4.02,3.83,3.81,45501.16,-0.14,-3.53,4.024,4.0,4.016,60767.61,42220.03,37649.48
2018-08-16,4.05,4.06,3.98,3.93,52138.49,-0.14,-3.4,4.062,4.012,4.019,55348.94,39835.55,36285.22
2018-08-15,4.25,4.38,4.12,4.11,134160.41,0.01,0.24,4.072,4.008,4.012,50227.73,39080.56,34691.92
2018-08-14,4.06,4.16,4.12,4.05,39308.85,0.05,1.23,4.042,4.001,4.001,29419.91,28988.17,29207.61
2018-08-13,3.99,4.07,4.07,3.94,32729.16,0.05,1.24,4.012,3.996,3.988,26027.15,27356.35,27948.38
2018-08-10,4.03,4.04,4.02,3.98,18407.79,0.0,0.0,3.976,3.992,3.979,23672.45,26417.32,27205.42
2018-08-09,3.95,4.05,4.03,3.94,26532.42,0.06,1.51,3.962,4.0,3.972,24322.15,27610.99,27179.18
2018-08-08,4.0,4.04,3.97,3.96,30121.32,0.0,0.0,3.944,4.01,3.964,27933.4,29744.62,27048.63
2018-08-07,3.9,3.97,3.97,3.85,22345.06,0.08,2.06,3.96,4.018,3.954,28556.42,30325.86,27059.19
2018-08-06,3.95,3.95,3.89,3.85,20955.67,-0.07,-1.77,3.98,4.026,3.952,28685.55,32567.23,26857.01
2018-08-03,3.94,3.99,3.95,3.92,21656.29,0.01,0.25,4.008,4.032,3.953,29162.18,33078.92,26751.88
2018-08-02,4.01,4.04,3.94,3.8,44588.65,-0.11,-2.72,4.038,4.026,3.947,30899.82,32734.88,27119.69
2018-08-01,4.06,4.13,4.05,4.05,33236.44,-0.02,-0.49,4.076,4.015,3.941,31555.83,30303.27,26141.35
2018-07-31,4.04,4.11,4.07,4.04,22990.68,0.03,0.74,4.076,4.0,3.934,32095.3,29427.05,25894.53
2018-07-30,4.08,4.1,4.03,4.02,23338.83,-0.07,-1.71,4.072,3.98,3.931,36448.92,28540.42,25900.79
2018-07-27,4.13,4.13,4.1,4.06,30344.51,-0.03,-0.73,4.056,3.966,3.927,36995.66,27993.52,26045.44
2018-07-26,4.04,4.17,4.13,4.03,47868.7,0.08,1.98,4.014,3.943,3.923,34569.95,26747.37,25763.38
2018-07-25,4.05,4.09,4.05,4.01,35933.8,0.0,0.0,3.954,3.917,3.913,29050.7,24352.64,24518.06
2018-07-24,3.96,4.05,4.05,3.93,44758.77,0.1,2.53,3.924,3.89,3.908,26758.8,23792.52,23863.82
2018-07-23,3.88,3.96,3.95,3.87,26072.5,0.06,1.54,3.888,3.878,3.905,20631.91,21146.78,22839.69
2018-07-20,3.83,3.91,3.89,3.8,18215.96,0.06,1.57,3.876,3.873,3.907,18991.37,20424.84,22697.42
2018-07-19,3.91,3.91,3.83,3.82,20272.49,-0.07,-1.79,3.872,3.868,3.914,18924.79,21504.5,22914.1
2018-07-18,3.89,3.93,3.9,3.88,24474.28,0.03,0.78,3.88,3.867,3.921,19654.58,21979.43,23408.57
2018-07-17,3.9,3.9,3.87,3.83,14124.31,-0.03,-0.77,3.856,3.868,3.928,20826.24,22362.01,23901.08
2018-07-16,3.86,3.9,3.89,3.83,17869.83,0.02,0.52,3.868,3.881,3.932,21661.66,23261.17,26183.1
2018-07-13,3.88,3.91,3.87,3.84,17883.04,0.0,0.0,3.87,3.888,3.95,21858.31,24097.37,27386.51
2018-07-12,3.79,3.89,3.87,3.75,23921.44,0.08,2.11,3.864,3.903,3.978,24084.21,24779.4,27815.81
2018-07-11,3.87,3.87,3.78,3.72,30332.6,-0.15,-3.82,3.854,3.908,4.008,24304.27,24683.48,28208.8
2018-07-10,3.91,3.93,3.93,3.89,18301.39,0.03,0.77,3.88,3.925,4.048,23897.78,23935.11,27701.48
2018-07-09,3.84,3.91,3.9,3.83,18853.06,0.06,1.56,3.894,3.931,4.081,24860.67,24532.59,28033.87
2018-07-06,3.82,3.9,3.84,3.74,29012.56,0.03,0.79,3.906,3.941,4.116,26336.43,24970.0,29222.14
2018-07-05,3.93,3.94,3.82,3.8,25021.74,-0.09,-2.3,3.942,3.959,4.162,25474.59,24323.7,29235.9
2018-07-04,3.99,3.99,3.91,3.89,28300.13,-0.09,-2.25,3.962,3.975,4.214,25062.69,24837.72,29814.98
2018-07-03,3.95,4.01,4.0,3.92,23115.88,0.03,0.76,3.97,3.988,4.257,23972.44,25440.15,30257.43
2018-07-02,4.0,4.03,3.96,3.93,26231.84,-0.06,-1.49,3.968,3.982,4.292,24204.51,29105.04,30539.35
2018-06-29,3.92,4.03,4.02,3.91,24703.36,0.1,2.55,3.976,4.012,4.326,23603.58,30675.66,30649.96
2018-06-28,3.94,3.99,3.92,3.89,22962.24,-0.03,-0.76,3.976,4.053,4.359,23172.81,30852.21,30922.14
2018-06-27,3.99,4.0,3.95,3.94,22848.89,-0.04,-1.0,3.988,4.107,4.394,24612.75,31734.12,32139.04
2018-06-26,3.94,4.03,3.99,3.91,24276.22,-0.01,-0.25,4.006,4.17,4.442,26907.86,31467.85,32186.09
2018-06-25,4.05,4.05,4.0,3.97,23227.17,-0.02,-0.5,3.996,4.23,4.487,34005.57,31535.15,32596.09
2018-06-22,3.92,4.04,4.02,3.89,22549.52,0.05,1.26,4.048,4.291,4.535,37747.73,33474.27,34049.52
2018-06-21,4.0,4.1,3.98,3.95,30161.94,-0.06,-1.49,4.13,4.365,4.592,38531.62,34148.11,34071.88
2018-06-20,3.97,4.05,4.04,3.9,34324.44,0.1,2.54,4.226,4.452,4.755,38855.49,34792.24,34346.51
2018-06-19,4.22,4.22,3.94,3.88,59764.8,-0.32,-7.51,4.334,4.526,4.922,36027.84,35074.71,35014.6
2018-06-15,4.43,4.46,4.26,4.26,41937.97,-0.17,-3.84,4.464,4.601,5.088,29064.72,31973.67,34107.46
2018-06-14,4.45,4.51,4.43,4.42,26468.94,-0.03,-0.67,4.534,4.639,5.234,29200.81,30624.27,33873.31
2018-06-13,4.58,4.59,4.46,4.45,31781.28,-0.12,-2.62,4.6,4.665,5.37,29764.59,30992.06,34206.91
2018-06-12,4.56,4.61,4.58,4.51,20186.23,-0.01,-0.22,4.678,4.681,5.502,30729.0,32543.97,33491.82
2018-06-11,4.6,4.66,4.59,4.58,24949.18,-0.02,-0.43,4.718,4.713,5.632,34121.57,32904.33,33619.27
2018-06-08,4.72,4.76,4.61,4.57,42618.44,-0.15,-3.15,4.738,4.743,5.758,34882.61,33657.02,33672.51
2018-06-07,4.86,4.88,4.76,4.74,29287.83,-0.09,-1.86,4.744,4.779,5.887,32047.72,34624.77,33165.5
2018-06-06,4.76,4.87,4.85,4.75,36603.3,0.06,1.25,4.73,4.818,6.013,32219.53,33995.65,34106.09
2018-06-05,4.7,4.83,4.78,4.69,37149.08,0.09,1.92,4.684,5.058,6.125,34358.94,33900.78,33595.5
2018-06-04,4.64,4.7,4.69,4.62,28754.41,0.06,1.3,4.708,5.317,6.243,31687.09,34954.49,33232.95
2018-06-01,4.69,4.72,4.64,4.58,28444.0,-0.05,-1.07,4.748,5.575,6.366,32431.44,36241.26,33393.01
2018-05-31,4.65,4.71,4.69,4.61,30146.84,0.07,1.51,4.814,5.829,6.488,37201.81,37122.35,32849.52
2018-05-30,4.84,4.85,4.62,4.6,47300.38,-0.28,-5.71,4.906,6.074,6.608,35771.77,37421.76,32731.71
2018-05-29,4.88,4.91,4.9,4.84,23789.82,0.01,0.2,5.432,6.323,6.729,33442.61,34439.68,31717.86
2018-05-28,4.95,4.97,4.89,4.87,32476.14,-0.08,-1.61,5.926,6.55,6.832,38221.88,34334.22,31724.67
2018-05-25,5.12,5.15,4.97,4.95,52295.87,-0.18,-3.5,6.402,6.772,6.936,40051.09,33687.99,31545.99
2018-05-24,5.2,5.26,5.15,5.14,22996.62,-0.03,-0.58,6.844,6.994,7.044,37042.9,31706.24,30640.41
2018-05-23,7.38,7.38,7.25,7.23,35654.6,-0.12,-1.63,7.242,7.208,7.14,39071.74,34216.54,31479.71
2018-05-22,7.27,7.43,7.37,7.26,47686.17,0.1,1.38,7.214,7.191,7.128,35436.74,33290.22,32172.23
2018-05-21,7.23,7.28,7.27,7.18,41622.18,0.1,1.4,7.174,7.169,7.104,30446.55,31511.41,30997.96
2018-05-18,7.17,7.25,7.18,7.12,37254.91,0.03,0.42,7.142,7.157,7.088,27324.89,30544.75,30204.47
2018-05-17,7.16,7.26,7.14,7.13,33140.86,0.03,0.42,7.144,7.147,7.074,26369.59,28576.7,29609.02
2018-05-16,7.18,7.19,7.11,7.11,17479.6,-0.09,-1.25,7.174,7.142,7.053,29361.33,28041.67,29255.18
2018-05-15,7.13,7.21,7.17,7.07,22735.21,0.05,0.7,7.168,7.135,7.04,31143.69,28996.03,29820.11
2018-05-14,7.15,7.19,7.11,7.07,26013.87,-0.08,-1.11,7.164,7.114,7.029,32576.27,29115.13,29910.6
2018-05-11,7.28,7.33,7.19,7.18,32478.4,-0.09,-1.24,7.172,7.099,7.023,33764.61,29403.98,30014.7
2018-05-10,7.1,7.31,7.29,7.09,48099.57,0.2,2.82,7.15,7.093,7.017,30783.8,29574.57,30002.62
2018-05-09,7.15,7.17,7.08,7.05,26391.4,-0.07,-0.98,7.11,7.071,7.005,26722.01,28742.88,28963.52
2018-05-08,7.18,7.18,7.15,7.12,29898.13,0.0,0.0,7.102,7.064,7.004,26848.38,31054.24,29119.75
2018-05-07,7.1,7.17,7.15,7.08,31955.57,0.07,0.99,7.064,7.039,6.995,25653.99,30484.51,29421.82
2018-05-04,7.09,7.13,7.08,7.04,17574.34,-0.01,-0.14,7.026,7.019,6.985,25043.35,29864.19,29780.56
2018-05-03,7.0,7.1,7.09,6.96,27790.63,0.05,0.71,7.036,7.0,6.982,28365.34,30641.35,30997.75
2018-05-02,6.97,7.06,7.04,6.97,27023.22,0.08,1.15,7.032,6.964,6.978,30763.75,30468.68,31363.79
2018-04-27,6.96,7.03,6.96,6.91,23926.2,0.01,0.14,7.026,6.944,6.974,35260.1,30644.18,31981.96
2018-04-26,7.14,7.15,6.96,6.94,28902.37,-0.17,-2.38,7.014,6.944,6.968,35315.02,30706.06,32572.71
2018-04-25,7.02,7.17,7.13,7.01,34184.26,0.06,0.85,7.012,6.947,6.967,34685.02,30625.41,33170.55
2018-04-24,6.95,7.14,7.07,6.95,39782.71,0.05,0.71,6.964,6.94,6.953,32917.36,30430.67,33516.54
2018-04-23,7.21,7.23,7.01,6.95,49504.98,0.11,1.59,6.896,6.939,6.937,30173.62,29184.17,35937.19
2018-04-20,6.94,7.03,6.9,6.86,24200.8,-0.05,-0.72,6.862,6.943,6.956,26028.26,27185.25,35101.87
2018-04-19,6.89,6.98,6.95,6.86,25752.35,0.06,0.87,6.874,6.951,6.981,26097.1,28359.13,36402.65
2018-04-18,6.82,6.92,6.89,6.68,25345.94,0.15,2.23,6.882,6.951,7.012,26565.8,29696.93,37108.09
2018-04-17,6.84,6.92,6.73,6.72,26064.01,-0.1,-1.46,6.916,6.964,7.042,27943.98,31354.16,38081.74
2018-04-16,6.87,6.96,6.84,6.81,28778.2,-0.12,-1.72,6.982,6.991,7.081,28194.71,32258.89,38898.28
2018-04-13,7.02,7.08,6.96,6.95,24545.0,-0.04,-0.57,7.024,7.004,7.116,28342.24,33319.75,42154.34
2018-04-12,7.05,7.08,6.99,6.98,28095.84,-0.07,-0.99,7.028,6.991,7.158,30621.17,34439.35,44963.22
2018-04-11,7.08,7.12,7.06,7.02,32236.87,0.0,0.0,7.02,6.987,7.212,32828.07,35715.7,49504.23
2018-04-10,7.03,7.09,7.06,6.97,27317.66,0.02,0.28,7.012,6.966,7.255,34764.33,36602.42,52172.35
2018-04-09,6.9,7.08,7.05,6.85,29515.82,0.06,0.86,7.0,6.935,7.297,36323.06,42690.21,55740.64
2018-04-04,6.92,7.06,6.98,6.92,35939.65,0.04,0.58,6.984,6.969,7.331,38297.26,43018.48,58842.63
2018-04-03,6.93,6.98,6.95,6.83,39130.35,-0.06,-0.86,6.954,7.01,7.373,38257.53,44446.16,60495.74
2018-04-02,7.02,7.12,7.02,6.96,41918.16,0.02,0.29,6.954,7.072,7.425,38603.32,44519.24,63112.43
2018-03-30,6.97,7.04,7.0,6.93,35111.33,0.03,0.43,6.92,7.119,7.473,38440.51,44809.33,65128.53
2018-03-29,6.8,6.97,6.97,6.8,39386.79,0.14,2.05,6.87,7.171,7.516,49057.35,45537.68,70325.29
2018-03-28,6.82,6.94,6.83,6.81,35741.01,-0.12,-1.73,6.954,7.228,7.577,47739.71,50988.94,74434.28
2018-03-27,6.93,6.99,6.95,6.9,40859.33,0.11,1.61,7.066,7.325,7.643,50634.79,55487.1,78680.9
2018-03-26,6.66,6.88,6.85,6.61,41104.07,0.09,1.33,7.19,7.437,7.705,50435.16,63292.76,87252.84
2018-03-23,7.05,7.24,6.75,6.7,88195.54,-0.63,-8.54,7.318,7.543,7.754,51178.15,67742.28,93271.55
2018-03-22,7.43,7.46,7.39,7.34,32798.6,0.01,0.14,7.472,7.659,7.792,42018.01,68791.07,92554.35
2018-03-21,7.52,7.65,7.39,7.37,50216.4,-0.18,-2.38,7.502,7.693,7.803,54238.16,74666.77,94991.5
2018-03-20,7.46,7.57,7.57,7.32,39861.19,0.08,1.07,7.584,7.735,7.809,60339.4,76545.31,95806.0
2018-03-19,7.52,7.53,7.49,7.26,44819.0,-0.03,-0.4,7.684,7.777,7.8,76150.37,81705.62,100488.4
2018-03-16,7.53,7.62,7.52,7.5,42394.85,-0.03,-0.4,7.768,7.826,7.812,84306.41,85447.73,104303.14
2018-03-15,7.77,7.77,7.54,7.43,93899.38,-0.27,-3.46,7.846,7.861,7.809,95564.12,95112.9,109427.81
2018-03-14,8.06,8.12,7.8,7.79,80722.6,-0.27,-3.35,7.884,7.926,7.828,95095.38,97879.62,113362.15
2018-03-13,7.9,8.15,8.07,7.85,118916.0,0.15,1.89,7.886,7.961,7.81,92751.22,101874.71,115770.45
2018-03-12,7.97,7.98,7.91,7.84,85599.24,0.0,0.0,7.87,7.972,7.773,87260.86,111212.92,117462.35
2018-03-09,7.72,7.97,7.91,7.63,98683.4,0.18,2.33,7.884,7.965,7.772,86589.04,118800.82,123728.3
2018-03-08,7.79,7.8,7.73,7.62,91555.65,-0.08,-1.02,7.876,7.925,7.759,94661.68,116317.63,128295.43
2018-03-07,7.95,7.95,7.81,7.8,69001.81,-0.18,-2.25,7.968,7.913,7.744,100663.86,115316.23,136676.33
2018-03-06,7.95,8.0,7.99,7.81,91464.22,0.01,0.12,8.036,7.882,7.73,110998.19,115066.69,146379.14
2018-03-05,7.9,8.04,7.98,7.82,82240.14,0.11,1.4,8.074,7.823,7.673,135164.98,119271.18,142609.96
2018-03-02,8.11,8.17,7.87,7.78,139046.59,-0.32,-3.91,8.046,7.797,7.617,151012.59,123158.55,140271.67
2018-03-01,8.08,8.28,8.19,8.01,121566.52,0.05,0.61,7.974,7.757,7.573,137973.58,123742.71,135085.37
2018-02-28,8.08,8.27,8.15,7.96,120673.5,-0.03,-0.37,7.858,7.729,7.514,129968.6,128844.68,132259.24
2018-02-27,7.79,8.4,8.18,7.72,212298.16,0.36,4.6,7.728,7.658,7.449,119135.19,129666.19,127686.57
2018-02-26,7.51,7.95,7.84,7.5,161478.16,0.34,4.53,7.572,7.574,7.38,103377.38,123711.78,118309.33
2018-02-23,7.63,7.65,7.51,7.43,73851.55,-0.1,-1.31,7.548,7.578,7.328,95304.51,128655.78,111355.0
2018-02-22,7.53,7.67,7.61,7.43,81541.65,0.11,1.47,7.54,7.593,7.293,109511.84,140273.23,108667.92
2018-02-14,7.4,7.56,7.5,7.26,66506.42,0.09,1.22,7.6,7.575,7.252,127720.76,158036.44,105684.13
2018-02-13,7.66,7.84,7.4,7.35,133509.12,-0.32,-4.14,7.588,7.577,7.221,140197.2,177691.58,104379.57
2018-02-12,7.56,7.75,7.72,7.35,121113.83,0.26,3.48,7.576,7.522,7.188,144046.17,165948.73,98929.4
2018-02-09,7.66,7.77,7.47,7.43,144888.16,-0.44,-5.56,7.608,7.437,7.138,162007.05,157384.8,94149.62
2018-02-08,7.35,7.92,7.91,7.33,172586.27,0.47,6.32,7.646,7.388,7.112,171034.63,146428.02,87782.52
2018-02-07,7.52,7.6,7.44,7.08,128888.6,0.11,1.5,7.55,7.299,7.069,188352.12,135673.79,80413.5
2018-02-06,7.66,7.78,7.34,7.27,152754.0,-0.53,-6.73,7.566,7.239,7.05,215185.97,125706.95,75348.38
2018-02-05,7.48,7.99,7.88,7.38,210918.2,0.22,2.87,7.468,7.185,7.044,187851.29,112906.88,68888.29
2018-02-02,7.26,7.8,7.66,6.91,190026.09,0.23,3.1,7.266,7.078,7.008,152762.55,94054.22,59550.9
2018-02-01,7.52,7.52,7.43,7.11,259173.69,-0.09,-1.2,7.13,6.992,6.983,121821.41,77062.61,51493.96
2018-01-31,7.06,7.52,7.52,7.06,263057.88,0.68,9.94,7.048,6.929,6.971,82995.46,53331.82,41103.07
2018-01-30,6.86,6.9,6.85,6.82,16080.6,-0.01,-0.15,6.912,6.864,6.945,36227.92,31067.55,29820.54
2018-01-29,6.99,7.05,6.87,6.82,35474.5,-0.12,-1.72,6.902,6.853,6.945,37962.47,31910.07,30128.81
2018-01-26,6.95,7.06,6.98,6.95,35320.4,-0.03,-0.43,6.89,6.838,6.94,35345.89,30914.43,29364.5
2018-01-25,6.89,7.18,7.02,6.85,65043.93,0.18,2.63,6.854,6.836,6.926,32303.81,29137.01,28997.39
2018-01-24,6.8,6.84,6.84,6.74,29220.19,0.04,0.59,6.81,6.839,6.909,23668.17,25153.2,27197.66
2018-01-23,6.83,6.86,6.8,6.78,24753.34,-0.02,-0.29,6.816,6.86,6.9,25907.17,24989.81,27536.53
2018-01-22,6.77,6.84,6.81,6.7,22391.58,0.01,0.15,6.804,6.903,6.895,25857.67,24869.71,27261.87
2018-01-19,6.8,6.84,6.8,6.76,20110.0,0.0,0.0,6.786,6.938,6.891,26482.98,25047.58,26921.19
2018-01-18,6.83,6.85,6.8,6.78,21865.73,-0.06,-0.88,6.818,6.974,6.889,25970.22,25925.3,27173.75
2018-01-17,6.76,6.92,6.87,6.66,40415.2,0.14,2.08,6.868,7.013,6.89,26638.23,28874.33,27224.01
2018-01-16,6.72,6.76,6.74,6.66,24505.82,0.01,0.15,6.904,7.025,6.893,24072.45,28573.53,26181.56
2018-01-15,6.96,6.96,6.72,6.69,25518.14,-0.24,-3.45,7.002,7.036,6.899,23881.75,28347.54,26225.0
2018-01-12,7.0,7.09,6.96,6.96,17546.21,-0.1,-1.42,7.09,7.041,6.903,23612.18,27814.57,26581.48
2018-01-11,7.01,7.08,7.05,6.99,25205.8,-0.03,-0.42,7.13,7.015,6.905,25880.38,28857.77,26498.73
2018-01-10,7.22,7.22,7.05,7.0,27586.3,-0.17,-2.35,7.158,6.978,6.902,31110.42,29242.12,26140.41
2018-01-09,7.18,7.23,7.23,7.12,23552.29,0.07,0.98,7.146,6.94,6.897,33074.61,30083.25,26189.5
2018-01-08,7.15,7.19,7.16,7.05,24170.28,0.01,0.14,7.07,6.886,6.885,32813.34,29654.04,26851.18
2018-01-05,7.18,7.2,7.16,7.11,28887.25,-0.04,-0.56,6.992,6.844,6.871,32016.96,28794.8,27744.3
2018-01-04,7.0,7.25,7.19,6.96,51355.97,0.19,2.71,6.9,6.803,6.852,31835.15,28422.21,28968.88
2018-01-03,6.89,7.02,6.99,6.82,37407.27,0.13,1.9,6.798,6.767,6.833,27373.82,25573.69,28767.93
2018-01-02,6.76,6.9,6.85,6.76,22245.93,0.08,1.18,6.734,6.76,6.823,27091.88,23789.58,29938.21
